{
  "step_size": 512,
  "min_height": -11.406999588012695,
  "max_height": 96.68599700927734,
  "x_step": 0.5,
  "y_step": 0.5,
  "x": 25,
  "y": 20
}